ID	mean_y_probes_value	y_probes_sd	z_score	sex
1	GSM929667_13_4_MPG_18_270606.CEL	6.70466974998438	2.15422516587319	0.483890178961458	male
2	GSM929668_14_5_MPG_17.1_280606.CEL	4.19764172648441	1.01879374720233	-1.4840486950339	female
3	GSM929669_15_6_MPG_17.3_280606.CEL	6.66161293034959	2.21684172443308	0.406646914885815	male
4	GSM929670_16_8_MPG_18.8_280606.CEL	6.84000110032326	2.21221794424631	0.593511601186627	male
