ID	mean_y_probes_value	y_probes_sd	z_score	sex
1	GSM880866_1UNT_PP0903_HG.U133_Plus_2_.CEL	3.41853909579195	1.1233066450791	-0.661579419623801	female
2	GSM880867_1APL_PP0909_HG.U133_Plus_2_.CEL	3.31960459700848	0.869728379584078	-0.686100736541924	female
3	GSM880868_2UNT_PP0907_HG.U133_Plus_2_.CEL	7.9282635902688	2.39654705909605	1.29936803462581	male
4	GSM880869_2APL_PP0912_HG.U133_Plus_2_.CEL	7.96199688665271	2.61890361134041	1.26527235835095	male
5	GSM880870_3UNT_PP0901_HG.U133_Plus_2_.CEL	3.61173266430308	1.19233498369912	-0.578379303603454	female
6	GSM880871_3APL_PP0905_HG.U133_Plus_2_.CEL	3.47267087480778	1.17622233497885	-0.638580933207579	female
