ID	mean_y_probes_value	y_probes_sd	z_score	sex
1	GSM151955.CEL	4.67016400947703	1.16346796182777	-0.52365787890936	female
2	GSM151957.CEL	4.61036066742145	1.19308134572569	-0.568337492324943	female
3	GSM151958.CEL	7.24954347978914	2.02407187313219	1.48716857963237	male
4	GSM151959.CEL	6.71340334377202	1.96508549300493	1.04586871373047	male
5	GSM151960.CEL	4.34472791708376	0.943168164939123	-0.738741520566361	female
6	GSM151961.CEL	4.4427170933632	1.15995023937057	-0.702300401562172	female
